{
  "acc": 0.9641568139390168,
  "macro_f1": 0.9652472627587555,
  "weighted_f1": 0.9641751663616195,
  "underweight_recall": 0.9548672566371681,
  "per_class_recall": [
    0.9548672566371681,
    0.9607843137254902,
    0.9667913938260057,
    0.9713223579394583,
    0.9620111731843576
  ],
  "per_class_precision": [
    0.9668458781362007,
    0.9607843137254902,
    0.9542936288088643,
    0.9656810982048575,
    0.9896551724137931
  ],
  "confusion_matrix": [
    [
      1079,
      30,
      15,
      6,
      0
    ],
    [
      23,
      1911,
      40,
      14,
      1
    ],
    [
      11,
      32,
      2067,
      23,
      5
    ],
    [
      2,
      10,
      39,
      1829,
      3
    ],
    [
      1,
      6,
      5,
      22,
      861
    ]
  ],
  "class_names": [
    "3.25",
    "3.5",
    "3.75",
    "4.0",
    "4.25"
  ]
}