{
  "acc": 0.9625388923459863,
  "macro_f1": 0.9636811011571828,
  "weighted_f1": 0.9625538190683078,
  "underweight_recall": 0.9451327433628318,
  "per_class_recall": [
    0.9451327433628318,
    0.9743589743589743,
    0.961178671655753,
    0.960169941582581,
    0.9664804469273743
  ],
  "per_class_precision": [
    0.9709090909090909,
    0.9551503203548546,
    0.9491916859122402,
    0.9709989258861439,
    0.9840728100113766
  ],
  "confusion_matrix": [
    [
      1068,
      38,
      20,
      3,
      1
    ],
    [
      15,
      1938,
      31,
      5,
      0
    ],
    [
      14,
      38,
      2055,
      28,
      3
    ],
    [
      2,
      14,
      49,
      1808,
      10
    ],
    [
      1,
      1,
      10,
      18,
      865
    ]
  ],
  "class_names": [
    "3.25",
    "3.5",
    "3.75",
    "4.0",
    "4.25"
  ]
}