{
  "model1_classification": {
    "name": "model1_classification",
    "acc": 0.9625388923459863,
    "macro_f1": 0.9636811011571828,
    "weighted_f1": 0.9625538190683078,
    "underweight_recall": 0.9451327433628318,
    "per_class_recall": [
      0.9451327433628318,
      0.9743589743589743,
      0.961178671655753,
      0.960169941582581,
      0.9664804469273743
    ],
    "per_class_precision": [
      0.9709090909090909,
      0.9551503203548546,
      0.9491916859122402,
      0.9709989258861439,
      0.9840728100113766
    ],
    "confusion_matrix": [
      [
        1068,
        38,
        20,
        3,
        1
      ],
      [
        15,
        1938,
        31,
        5,
        0
      ],
      [
        14,
        38,
        2055,
        28,
        3
      ],
      [
        2,
        14,
        49,
        1808,
        10
      ],
      [
        1,
        1,
        10,
        18,
        865
      ]
    ],
    "mae_class": 0.04791537025513379,
    "mae_bcs": 0.011978842563783447,
    "ordinal_accuracy_1": 0.9907902924704418,
    "ordinal_accuracy_025": 0.9907902924704418
  },
  "model2_classification": {
    "name": "model2_classification",
    "acc": 0.6833851897946485,
    "macro_f1": 0.6907433511029115,
    "weighted_f1": 0.6839641364760218,
    "underweight_recall": 0.7442477876106195,
    "per_class_recall": [
      0.7442477876106195,
      0.8009049773755657,
      0.6024321796071095,
      0.6314391927774827,
      0.6480446927374302
    ],
    "per_class_precision": [
      0.6419847328244275,
      0.5878228782287823,
      0.7104247104247104,
      0.7822368421052631,
      0.8504398826979472
    ],
    "confusion_matrix": [
      [
        841,
        196,
        66,
        26,
        1
      ],
      [
        200,
        1593,
        136,
        51,
        9
      ],
      [
        162,
        526,
        1288,
        131,
        31
      ],
      [
        75,
        312,
        246,
        1189,
        61
      ],
      [
        32,
        83,
        77,
        123,
        580
      ]
    ],
    "mae_class": 0.4639701306782825,
    "mae_bcs": 0.11599253266957063,
    "ordinal_accuracy_1": 0.8848786558805227,
    "ordinal_accuracy_025": 0.8848786558805227
  },
  "model3_classification": {
    "name": "model3_classification",
    "acc": 0.8114499066583696,
    "macro_f1": 0.8160540843895834,
    "weighted_f1": 0.8122155267147543,
    "underweight_recall": 0.904424778761062,
    "per_class_recall": [
      0.904424778761062,
      0.8381096028154852,
      0.7067352666043031,
      0.8327137546468402,
      0.8402234636871508
    ],
    "per_class_precision": [
      0.6697247706422018,
      0.776794035414725,
      0.8805361305361306,
      0.8615384615384616,
      0.909310761789601
    ],
    "confusion_matrix": [
      [
        1022,
        80,
        17,
        10,
        1
      ],
      [
        211,
        1667,
        57,
        48,
        6
      ],
      [
        207,
        270,
        1511,
        129,
        21
      ],
      [
        61,
        111,
        96,
        1568,
        47
      ],
      [
        25,
        18,
        35,
        65,
        752
      ]
    ],
    "mae_class": 0.2765401369010579,
    "mae_bcs": 0.06913503422526447,
    "ordinal_accuracy_1": 0.9303049159925326,
    "ordinal_accuracy_025": 0.9303049159925326
  },
  "model4_ordinal": {
    "name": "model4_ordinal",
    "acc": 0.1732420659614188,
    "macro_f1": 0.11981045144719873,
    "weighted_f1": 0.14969308166642395,
    "underweight_recall": 0.009734513274336283,
    "per_class_recall": [
      0.009734513274336283,
      0.038210155857214684,
      0.40271281571562206,
      0.23526287838555496,
      0.0011173184357541898
    ],
    "per_class_precision": [
      0.0582010582010582,
      0.04413472706155633,
      0.27990897269180753,
      0.1894781864841745,
      0.0014084507042253522
    ],
    "confusion_matrix": [
      [
        11,
        365,
        558,
        193,
        3
      ],
      [
        4,
        76,
        410,
        951,
        548
      ],
      [
        137,
        751,
        861,
        337,
        52
      ],
      [
        30,
        458,
        846,
        443,
        106
      ],
      [
        7,
        72,
        401,
        414,
        1
      ]
    ],
    "mae_class": 1.3585563161169882,
    "mae_bcs": 0.33963907902924706,
    "ordinal_accuracy_1": 0.5756067205973865,
    "ordinal_accuracy_025": 0.5756067205973865
  },
  "ensemble": {
    "name": "ensemble",
    "acc": 0.9232109520846298,
    "macro_f1": 0.9259251242736493,
    "weighted_f1": 0.9233648301092151,
    "underweight_recall": 0.9300884955752212,
    "per_class_recall": [
      0.9300884955752212,
      0.9436902966314731,
      0.9050514499532273,
      0.9261816250663835,
      0.906145251396648
    ],
    "per_class_precision": [
      0.9115351257588898,
      0.8912630579297246,
      0.9205518553758325,
      0.9401617250673855,
      0.9902319902319903
    ],
    "confusion_matrix": [
      [
        1051,
        48,
        23,
        7,
        1
      ],
      [
        52,
        1877,
        43,
        15,
        2
      ],
      [
        37,
        122,
        1935,
        43,
        1
      ],
      [
        9,
        50,
        76,
        1744,
        4
      ],
      [
        4,
        9,
        25,
        46,
        811
      ]
    ],
    "mae_class": 0.10416925948973242,
    "mae_bcs": 0.026042314872433105,
    "ordinal_accuracy_1": 0.9772246421904169,
    "ordinal_accuracy_025": 0.9772246421904169
  },
  "agreement_stats": {
    "num_models": 4,
    "total_samples": 8035,
    "all_agree": 649,
    "all_agree_pct": 0.08077162414436839
  },
  "class_names": [
    "3.25",
    "3.5",
    "3.75",
    "4.0",
    "4.25"
  ]
}