{
  "model1_classification": {
    "name": "model1_classification",
    "acc": 0.9625388923459863,
    "macro_f1": 0.9636811011571828,
    "weighted_f1": 0.9625538190683078,
    "underweight_recall": 0.9451327433628318,
    "per_class_recall": [
      0.9451327433628318,
      0.9743589743589743,
      0.961178671655753,
      0.960169941582581,
      0.9664804469273743
    ],
    "per_class_precision": [
      0.9709090909090909,
      0.9551503203548546,
      0.9491916859122402,
      0.9709989258861439,
      0.9840728100113766
    ],
    "confusion_matrix": [
      [
        1068,
        38,
        20,
        3,
        1
      ],
      [
        15,
        1938,
        31,
        5,
        0
      ],
      [
        14,
        38,
        2055,
        28,
        3
      ],
      [
        2,
        14,
        49,
        1808,
        10
      ],
      [
        1,
        1,
        10,
        18,
        865
      ]
    ],
    "mae_class": 0.04791537025513379,
    "mae_bcs": 0.011978842563783447,
    "ordinal_accuracy_1": 0.9907902924704418,
    "ordinal_accuracy_025": 0.9907902924704418
  },
  "model2_classification": {
    "name": "model2_classification",
    "acc": 0.6833851897946485,
    "macro_f1": 0.6907433511029115,
    "weighted_f1": 0.6839641364760218,
    "underweight_recall": 0.7442477876106195,
    "per_class_recall": [
      0.7442477876106195,
      0.8009049773755657,
      0.6024321796071095,
      0.6314391927774827,
      0.6480446927374302
    ],
    "per_class_precision": [
      0.6419847328244275,
      0.5878228782287823,
      0.7104247104247104,
      0.7822368421052631,
      0.8504398826979472
    ],
    "confusion_matrix": [
      [
        841,
        196,
        66,
        26,
        1
      ],
      [
        200,
        1593,
        136,
        51,
        9
      ],
      [
        162,
        526,
        1288,
        131,
        31
      ],
      [
        75,
        312,
        246,
        1189,
        61
      ],
      [
        32,
        83,
        77,
        123,
        580
      ]
    ],
    "mae_class": 0.4639701306782825,
    "mae_bcs": 0.11599253266957063,
    "ordinal_accuracy_1": 0.8848786558805227,
    "ordinal_accuracy_025": 0.8848786558805227
  },
  "model3_classification": {
    "name": "model3_classification",
    "acc": 0.8114499066583696,
    "macro_f1": 0.8160540843895834,
    "weighted_f1": 0.8122155267147543,
    "underweight_recall": 0.904424778761062,
    "per_class_recall": [
      0.904424778761062,
      0.8381096028154852,
      0.7067352666043031,
      0.8327137546468402,
      0.8402234636871508
    ],
    "per_class_precision": [
      0.6697247706422018,
      0.776794035414725,
      0.8805361305361306,
      0.8615384615384616,
      0.909310761789601
    ],
    "confusion_matrix": [
      [
        1022,
        80,
        17,
        10,
        1
      ],
      [
        211,
        1667,
        57,
        48,
        6
      ],
      [
        207,
        270,
        1511,
        129,
        21
      ],
      [
        61,
        111,
        96,
        1568,
        47
      ],
      [
        25,
        18,
        35,
        65,
        752
      ]
    ],
    "mae_class": 0.2765401369010579,
    "mae_bcs": 0.06913503422526447,
    "ordinal_accuracy_1": 0.9303049159925326,
    "ordinal_accuracy_025": 0.9303049159925326
  },
  "model4_ordinal": {
    "name": "model4_ordinal",
    "acc": 0.9416303671437461,
    "macro_f1": 0.9452663460399531,
    "weighted_f1": 0.9417179995954186,
    "underweight_recall": 0.9309734513274336,
    "per_class_recall": [
      0.9309734513274336,
      0.9406737053795877,
      0.9340505144995322,
      0.9532660647902284,
      0.9508379888268157
    ],
    "per_class_precision": [
      0.9749768303985171,
      0.9340988517224164,
      0.9211254612546126,
      0.9383167799268165,
      0.9759174311926605
    ],
    "confusion_matrix": [
      [
        1052,
        59,
        16,
        2,
        1
      ],
      [
        18,
        1871,
        85,
        15,
        0
      ],
      [
        8,
        63,
        1997,
        67,
        3
      ],
      [
        1,
        10,
        60,
        1795,
        17
      ],
      [
        0,
        0,
        10,
        34,
        851
      ]
    ],
    "mae_class": 0.0672059738643435,
    "mae_bcs": 0.016801493466085875,
    "ordinal_accuracy_1": 0.9917859365276913,
    "ordinal_accuracy_025": 0.9917859365276913
  },
  "ensemble": {
    "name": "ensemble",
    "acc": 0.9627878033602987,
    "macro_f1": 0.9644535668825609,
    "weighted_f1": 0.9628093485293261,
    "underweight_recall": 0.9513274336283186,
    "per_class_recall": [
      0.9513274336283186,
      0.9793866264454499,
      0.9532273152478953,
      0.9622942113648434,
      0.964245810055866
    ],
    "per_class_precision": [
      0.971093044263776,
      0.9451722464822901,
      0.9586077140169332,
      0.968466060929984,
      0.9919540229885058
    ],
    "confusion_matrix": [
      [
        1075,
        39,
        15,
        1,
        0
      ],
      [
        16,
        1948,
        21,
        4,
        0
      ],
      [
        14,
        53,
        2038,
        33,
        0
      ],
      [
        2,
        20,
        42,
        1812,
        7
      ],
      [
        0,
        1,
        10,
        21,
        863
      ]
    ],
    "mae_class": 0.04604853764779091,
    "mae_bcs": 0.011512134411947728,
    "ordinal_accuracy_1": 0.9916614810205352,
    "ordinal_accuracy_025": 0.9916614810205352
  },
  "agreement_stats": {
    "num_models": 4,
    "total_samples": 8035,
    "all_agree": 4648,
    "all_agree_pct": 0.5784691972619789
  },
  "class_names": [
    "3.25",
    "3.5",
    "3.75",
    "4.0",
    "4.25"
  ]
}