{
  "classification": {
    "name": "Classification",
    "acc": 0.9621655258245178,
    "macro_f1": 0.9637863894294677,
    "weighted_f1": 0.9621928771146255,
    "underweight_recall": 0.9531388152077808,
    "per_class_recall": [
      0.9531388152077808,
      0.9632796780684104,
      0.9677268475210478,
      0.9548832271762208,
      0.9731543624161074
    ],
    "per_class_precision": [
      0.973803071364047,
      0.9589384076114171,
      0.9447488584474886,
      0.9724324324324324,
      0.9764309764309764
    ],
    "confusion_matrix": [
      [
        1078,
        29,
        22,
        2,
        0
      ],
      [
        18,
        1915,
        48,
        6,
        1
      ],
      [
        6,
        31,
        2069,
        26,
        6
      ],
      [
        5,
        21,
        45,
        1799,
        14
      ],
      [
        0,
        1,
        6,
        17,
        870
      ]
    ],
    "mae_class": 0.04841319228375856,
    "mae_bcs": 0.01210329807093964,
    "ordinal_accuracy_1": 0.9905413814561295,
    "ordinal_accuracy_025": 0.9905413814561295
  },
  "ordinal": {
    "name": "Ordinal",
    "acc": 0.9387678904791537,
    "macro_f1": 0.9429379369252995,
    "weighted_f1": 0.9388532751319684,
    "underweight_recall": 0.9425287356321839,
    "per_class_recall": [
      0.9425287356321839,
      0.9351106639839034,
      0.932179607109448,
      0.9378980891719745,
      0.959731543624161
    ],
    "per_class_precision": [
      0.9744058500914077,
      0.9388888888888889,
      0.9133822181484876,
      0.938396176314392,
      0.9575892857142857
    ],
    "confusion_matrix": [
      [
        1066,
        48,
        14,
        3,
        0
      ],
      [
        21,
        1859,
        100,
        6,
        2
      ],
      [
        7,
        59,
        1993,
        76,
        3
      ],
      [
        0,
        14,
        70,
        1767,
        33
      ],
      [
        0,
        0,
        5,
        31,
        858
      ]
    ],
    "mae_class": 0.0685749844430616,
    "mae_bcs": 0.0171437461107654,
    "ordinal_accuracy_1": 0.9932794026135656,
    "ordinal_accuracy_025": 0.9932794026135656
  },
  "ensemble": {
    "name": "Ensemble",
    "acc": 0.9625388923459863,
    "macro_f1": 0.9641137729293154,
    "weighted_f1": 0.9625551275496876,
    "underweight_recall": 0.9557913351016799,
    "per_class_recall": [
      0.9557913351016799,
      0.9607645875251509,
      0.9681945743685687,
      0.9564755838641189,
      0.9742729306487695
    ],
    "per_class_precision": [
      0.9756317689530686,
      0.9617321248741189,
      0.9478021978021978,
      0.9677765843179377,
      0.9731843575418995
    ],
    "confusion_matrix": [
      [
        1081,
        28,
        18,
        4,
        0
      ],
      [
        19,
        1910,
        47,
        10,
        2
      ],
      [
        7,
        28,
        2070,
        29,
        4
      ],
      [
        1,
        19,
        44,
        1802,
        18
      ],
      [
        0,
        1,
        5,
        17,
        871
      ]
    ],
    "mae_class": 0.04729309271935283,
    "mae_bcs": 0.011823273179838207,
    "ordinal_accuracy_1": 0.9911636589919104,
    "ordinal_accuracy_025": 0.9911636589919104
  },
  "agreement_stats": {
    "total_samples": 8035,
    "same_predictions": 7526,
    "same_predictions_pct": 0.9366521468574984,
    "differ_by_1": 437,
    "differ_by_1_pct": 0.05438705662725576,
    "differ_by_more_than_1": 72,
    "differ_by_more_than_1_pct": 0.0089607965152458
  },
  "class_names": [
    "3.25",
    "3.5",
    "3.75",
    "4.0",
    "4.25"
  ]
}