{
  "model1_classification": {
    "name": "model1_classification",
    "acc": 0.9625388923459863,
    "macro_f1": 0.9636811011571828,
    "weighted_f1": 0.9625538190683078,
    "underweight_recall": 0.9451327433628318,
    "per_class_recall": [
      0.9451327433628318,
      0.9743589743589743,
      0.961178671655753,
      0.960169941582581,
      0.9664804469273743
    ],
    "per_class_precision": [
      0.9709090909090909,
      0.9551503203548546,
      0.9491916859122402,
      0.9709989258861439,
      0.9840728100113766
    ],
    "confusion_matrix": [
      [
        1068,
        38,
        20,
        3,
        1
      ],
      [
        15,
        1938,
        31,
        5,
        0
      ],
      [
        14,
        38,
        2055,
        28,
        3
      ],
      [
        2,
        14,
        49,
        1808,
        10
      ],
      [
        1,
        1,
        10,
        18,
        865
      ]
    ],
    "mae_class": 0.04791537025513379,
    "mae_bcs": 0.011978842563783447,
    "ordinal_accuracy_1": 0.9907902924704418,
    "ordinal_accuracy_025": 0.9907902924704418
  },
  "model2_classification": {
    "name": "model2_classification",
    "acc": 0.6833851897946485,
    "macro_f1": 0.6907433511029115,
    "weighted_f1": 0.6839641364760218,
    "underweight_recall": 0.7442477876106195,
    "per_class_recall": [
      0.7442477876106195,
      0.8009049773755657,
      0.6024321796071095,
      0.6314391927774827,
      0.6480446927374302
    ],
    "per_class_precision": [
      0.6419847328244275,
      0.5878228782287823,
      0.7104247104247104,
      0.7822368421052631,
      0.8504398826979472
    ],
    "confusion_matrix": [
      [
        841,
        196,
        66,
        26,
        1
      ],
      [
        200,
        1593,
        136,
        51,
        9
      ],
      [
        162,
        526,
        1288,
        131,
        31
      ],
      [
        75,
        312,
        246,
        1189,
        61
      ],
      [
        32,
        83,
        77,
        123,
        580
      ]
    ],
    "mae_class": 0.4639701306782825,
    "mae_bcs": 0.11599253266957063,
    "ordinal_accuracy_1": 0.8848786558805227,
    "ordinal_accuracy_025": 0.8848786558805227
  },
  "model3_classification": {
    "name": "model3_classification",
    "acc": 0.8114499066583696,
    "macro_f1": 0.8160540843895834,
    "weighted_f1": 0.8122155267147543,
    "underweight_recall": 0.904424778761062,
    "per_class_recall": [
      0.904424778761062,
      0.8381096028154852,
      0.7067352666043031,
      0.8327137546468402,
      0.8402234636871508
    ],
    "per_class_precision": [
      0.6697247706422018,
      0.776794035414725,
      0.8805361305361306,
      0.8615384615384616,
      0.909310761789601
    ],
    "confusion_matrix": [
      [
        1022,
        80,
        17,
        10,
        1
      ],
      [
        211,
        1667,
        57,
        48,
        6
      ],
      [
        207,
        270,
        1511,
        129,
        21
      ],
      [
        61,
        111,
        96,
        1568,
        47
      ],
      [
        25,
        18,
        35,
        65,
        752
      ]
    ],
    "mae_class": 0.2765401369010579,
    "mae_bcs": 0.06913503422526447,
    "ordinal_accuracy_1": 0.9303049159925326,
    "ordinal_accuracy_025": 0.9303049159925326
  },
  "model4_classification": {
    "name": "model4_classification",
    "acc": 0.8439327940261356,
    "macro_f1": 0.8474358916504524,
    "weighted_f1": 0.8441682461770579,
    "underweight_recall": 0.7858407079646018,
    "per_class_recall": [
      0.7858407079646018,
      0.8411261940673705,
      0.8512628624883068,
      0.8783855549654807,
      0.8335195530726257
    ],
    "per_class_precision": [
      0.9051987767584098,
      0.8419728233517866,
      0.7947598253275109,
      0.8438775510204082,
      0.9130966952264382
    ],
    "confusion_matrix": [
      [
        888,
        117,
        103,
        16,
        6
      ],
      [
        58,
        1673,
        171,
        75,
        12
      ],
      [
        27,
        135,
        1820,
        145,
        11
      ],
      [
        4,
        49,
        134,
        1654,
        42
      ],
      [
        4,
        13,
        62,
        70,
        746
      ]
    ],
    "mae_class": 0.211698817672682,
    "mae_bcs": 0.0529247044181705,
    "ordinal_accuracy_1": 0.9524579962663348,
    "ordinal_accuracy_025": 0.9524579962663348
  },
  "model5_ordinal": {
    "name": "model5_ordinal",
    "acc": 0.2790292470441817,
    "macro_f1": 0.19690648674591266,
    "weighted_f1": 0.24605652600213046,
    "underweight_recall": 0.006194690265486726,
    "per_class_recall": [
      0.006194690265486726,
      0.20010055304172952,
      0.5205799812909261,
      0.38449283058948486,
      0.0
    ],
    "per_class_precision": [
      0.016706443914081145,
      0.22447828539199097,
      0.3545715195922268,
      0.3080851063829787,
      0.0
    ],
    "confusion_matrix": [
      [
        7,
        68,
        393,
        509,
        153
      ],
      [
        98,
        398,
        729,
        608,
        156
      ],
      [
        65,
        434,
        1113,
        498,
        28
      ],
      [
        38,
        281,
        823,
        724,
        17
      ],
      [
        211,
        592,
        81,
        11,
        0
      ]
    ],
    "mae_class": 1.360423148724331,
    "mae_bcs": 0.34010578718108275,
    "ordinal_accuracy_1": 0.612321095208463,
    "ordinal_accuracy_025": 0.612321095208463
  },
  "ensemble": {
    "name": "ensemble",
    "acc": 0.9372744243932793,
    "macro_f1": 0.9395989164012203,
    "weighted_f1": 0.9373698181849722,
    "underweight_recall": 0.9292035398230089,
    "per_class_recall": [
      0.9292035398230089,
      0.9552538964303671,
      0.9260991580916744,
      0.9442379182156134,
      0.9195530726256983
    ],
    "per_class_precision": [
      0.9528130671506352,
      0.9112709832134293,
      0.9260991580916744,
      0.9472562599893447,
      0.9879951980792316
    ],
    "confusion_matrix": [
      [
        1050,
        49,
        24,
        5,
        2
      ],
      [
        25,
        1900,
        47,
        16,
        1
      ],
      [
        18,
        92,
        1980,
        47,
        1
      ],
      [
        3,
        31,
        65,
        1778,
        6
      ],
      [
        6,
        13,
        22,
        31,
        823
      ]
    ],
    "mae_class": 0.0851275668948351,
    "mae_bcs": 0.021281891723708774,
    "ordinal_accuracy_1": 0.9823273179838208,
    "ordinal_accuracy_025": 0.9823273179838208
  },
  "agreement_stats": {
    "num_models": 5,
    "total_samples": 8035,
    "all_agree": 1187,
    "all_agree_pct": 0.1477286869943995
  },
  "class_names": [
    "3.25",
    "3.5",
    "3.75",
    "4.0",
    "4.25"
  ]
}