{
  "acc": 0.8877411325451151,
  "macro_f1": 0.8912818075261919,
  "weighted_f1": 0.8878347715062317,
  "underweight_recall": 0.8876106194690265,
  "per_class_recall": [
    0.8876106194690265,
    0.8838612368024132,
    0.8868101028999065,
    0.8884758364312267,
    0.8972067039106145
  ],
  "per_class_precision": [
    0.916819012797075,
    0.8763708873379861,
    0.8677345537757437,
    0.8932194340630005,
    0.9156214367160775
  ],
  "confusion_matrix": [
    [
      1003,
      81,
      31,
      9,
      6
    ],
    [
      59,
      1758,
      117,
      48,
      7
    ],
    [
      23,
      120,
      1896,
      83,
      16
    ],
    [
      6,
      37,
      122,
      1673,
      45
    ],
    [
      3,
      10,
      19,
      60,
      803
    ]
  ],
  "class_names": [
    "3.25",
    "3.5",
    "3.75",
    "4.0",
    "4.25"
  ]
}