{
  "acc": 0.4073428749222153,
  "macro_f1": 0.40985000903783214,
  "weighted_f1": 0.4070604050673422,
  "underweight_recall": 0.43628318584070797,
  "per_class_recall": [
    0.43628318584070797,
    0.4117647058823529,
    0.4293732460243218,
    0.3632501327668614,
    0.4011173184357542
  ],
  "per_class_precision": [
    0.43628318584070797,
    0.4082751744765703,
    0.38701517706576727,
    0.40762812872467225,
    0.42285041224970554
  ],
  "confusion_matrix": [
    [
      493,
      300,
      214,
      91,
      32
    ],
    [
      299,
      819,
      519,
      265,
      87
    ],
    [
      193,
      481,
      918,
      403,
      143
    ],
    [
      108,
      305,
      558,
      684,
      228
    ],
    [
      37,
      101,
      163,
      235,
      359
    ]
  ],
  "class_names": [
    "3.25",
    "3.5",
    "3.75",
    "4.0",
    "4.25"
  ]
}