{
  "acc": 0.94934660858743,
  "macro_f1": 0.950892482302853,
  "weighted_f1": 0.9493519414807539,
  "underweight_recall": 0.95929203539823,
  "per_class_recall": [
    0.95929203539823,
    0.9497234791352438,
    0.941066417212348,
    0.9490175252257037,
    0.9564245810055866
  ],
  "per_class_precision": [
    0.9401561144839549,
    0.9516372795969773,
    0.9450446218882105,
    0.9485138004246284,
    0.9683257918552036
  ],
  "confusion_matrix": [
    [
      1084,
      28,
      11,
      6,
      1
    ],
    [
      43,
      1889,
      35,
      19,
      3
    ],
    [
      19,
      51,
      2012,
      49,
      7
    ],
    [
      7,
      14,
      58,
      1787,
      17
    ],
    [
      0,
      3,
      13,
      23,
      856
    ]
  ],
  "class_names": [
    "3.25",
    "3.5",
    "3.75",
    "4.0",
    "4.25"
  ]
}