{
  "acc": 0.8326073428749222,
  "macro_f1": 0.8389476890110412,
  "weighted_f1": 0.832962908781859,
  "underweight_recall": 0.8070796460176991,
  "per_class_recall": [
    0.8070796460176991,
    0.8536953242835595,
    0.8054256314312441,
    0.8640467339352098,
    0.8167597765363128
  ],
  "per_class_precision": [
    0.8941176470588236,
    0.8085714285714286,
    0.7964847363552267,
    0.8271479410269446,
    0.9300254452926209
  ],
  "confusion_matrix": [
    [
      912,
      162,
      43,
      11,
      2
    ],
    [
      66,
      1698,
      180,
      43,
      2
    ],
    [
      32,
      200,
      1722,
      164,
      20
    ],
    [
      4,
      36,
      185,
      1627,
      31
    ],
    [
      6,
      4,
      32,
      122,
      731
    ]
  ],
  "class_names": [
    "3.25",
    "3.5",
    "3.75",
    "4.0",
    "4.25"
  ]
}