{
  "acc": 0.9225886745488487,
  "macro_f1": 0.9252568204756763,
  "weighted_f1": 0.9225642812972222,
  "underweight_recall": 0.915929203539823,
  "per_class_recall": [
    0.915929203539823,
    0.9396681749622926,
    0.8956969130028064,
    0.9373340414232607,
    0.9262569832402234
  ],
  "per_class_precision": [
    0.9392014519056261,
    0.9068413391557496,
    0.922002888781897,
    0.9154564315352697,
    0.9561707035755479
  ],
  "confusion_matrix": [
    [
      1035,
      64,
      23,
      8,
      0
    ],
    [
      36,
      1869,
      52,
      29,
      3
    ],
    [
      28,
      99,
      1915,
      81,
      15
    ],
    [
      3,
      23,
      72,
      1765,
      20
    ],
    [
      0,
      6,
      15,
      45,
      829
    ]
  ],
  "class_names": [
    "3.25",
    "3.5",
    "3.75",
    "4.0",
    "4.25"
  ]
}