{
  "acc": 0.9612943372744244,
  "macro_f1": 0.9621060914578188,
  "weighted_f1": 0.9613177865658734,
  "underweight_recall": 0.9513274336283186,
  "per_class_recall": [
    0.9513274336283186,
    0.9597787833081951,
    0.9644527595884004,
    0.9670738183749337,
    0.9575418994413408
  ],
  "per_class_precision": [
    0.9658580413297394,
    0.9651162790697675,
    0.9458715596330275,
    0.9629825489159175,
    0.981672394043528
  ],
  "confusion_matrix": [
    [
      1075,
      32,
      21,
      2,
      0
    ],
    [
      20,
      1909,
      44,
      16,
      0
    ],
    [
      15,
      23,
      2062,
      33,
      5
    ],
    [
      2,
      9,
      40,
      1821,
      11
    ],
    [
      1,
      5,
      13,
      19,
      857
    ]
  ],
  "class_names": [
    "3.25",
    "3.5",
    "3.75",
    "4.0",
    "4.25"
  ]
}