{
  "acc": 0.940883634100809,
  "macro_f1": 0.9432232119051103,
  "weighted_f1": 0.9409255621895224,
  "underweight_recall": 0.9150442477876106,
  "per_class_recall": [
    0.9150442477876106,
    0.9457013574660633,
    0.9373246024321796,
    0.9516728624535316,
    0.9486033519553073
  ],
  "per_class_precision": [
    0.965452847805789,
    0.9288888888888889,
    0.925207756232687,
    0.9426617569700158,
    0.9736238532110092
  ],
  "confusion_matrix": [
    [
      1034,
      74,
      20,
      2,
      0
    ],
    [
      28,
      1881,
      71,
      9,
      0
    ],
    [
      8,
      60,
      2004,
      60,
      6
    ],
    [
      0,
      8,
      66,
      1792,
      17
    ],
    [
      1,
      2,
      5,
      38,
      849
    ]
  ],
  "class_names": [
    "3.25",
    "3.5",
    "3.75",
    "4.0",
    "4.25"
  ],
  "mae_class": 0.06745488487865588,
  "mae_bcs": 0.01686372121966397,
  "ordinal_accuracy_1": 0.9924082140634723,
  "ordinal_accuracy_025": 0.9924082140634723
}