{
  "split": "val",
  "checkpoint": "outputs/ordinal_b0_224_jitter_weighted/best_model.pt",
  "results": {
    "threshold_count": {
      "acc": 0.9416303671437461,
      "macro_f1": 0.9452663460399531,
      "weighted_f1": 0.9417179995954186,
      "underweight_recall": 0.9309734513274336,
      "per_class_recall": [
        0.9309734513274336,
        0.9406737053795877,
        0.9340505144995322,
        0.9532660647902284,
        0.9508379888268157
      ],
      "per_class_precision": [
        0.9749768303985171,
        0.9340988517224164,
        0.9211254612546126,
        0.9383167799268165,
        0.9759174311926605
      ],
      "confusion_matrix": [
        [
          1052,
          59,
          16,
          2,
          1
        ],
        [
          18,
          1871,
          85,
          15,
          0
        ],
        [
          8,
          63,
          1997,
          67,
          3
        ],
        [
          1,
          10,
          60,
          1795,
          17
        ],
        [
          0,
          0,
          10,
          34,
          851
        ]
      ],
      "class_names": [
        "3.25",
        "3.5",
        "3.75",
        "4.0",
        "4.25"
      ],
      "mae_class": 0.0672059738643435,
      "mae_bcs": 0.016801493466085875,
      "ordinal_accuracy_1": 0.9917859365276913,
      "ordinal_accuracy_025": 0.9917859365276913,
      "decoding_method": "threshold_count"
    },
    "expected_value": {
      "acc": 0.9397635345364033,
      "macro_f1": 0.9437760462855088,
      "weighted_f1": 0.9398772728289887,
      "underweight_recall": 0.9283185840707965,
      "per_class_recall": [
        0.9283185840707965,
        0.9376571141277024,
        0.9331150608044901,
        0.9522039298990972,
        0.9486033519553073
      ],
      "per_class_precision": [
        0.9776328052190121,
        0.9311033449825262,
        0.9172413793103448,
        0.93580375782881,
        0.978110599078341
      ],
      "confusion_matrix": [
        [
          1049,
          63,
          15,
          3,
          0
        ],
        [
          18,
          1865,
          92,
          14,
          0
        ],
        [
          5,
          65,
          1995,
          71,
          2
        ],
        [
          1,
          10,
          62,
          1793,
          17
        ],
        [
          0,
          0,
          11,
          35,
          849
        ]
      ],
      "class_names": [
        "3.25",
        "3.5",
        "3.75",
        "4.0",
        "4.25"
      ],
      "mae_class": 0.06832607342874922,
      "mae_bcs": 0.017081518357187304,
      "ordinal_accuracy_1": 0.9924082140634723,
      "ordinal_accuracy_025": 0.9924082140634723,
      "decoding_method": "expected_value"
    },
    "max_prob": {
      "acc": 0.36490354698195393,
      "macro_f1": 0.2815665185443611,
      "weighted_f1": 0.2565641813123335,
      "underweight_recall": 0.7433628318584071,
      "per_class_recall": [
        0.7433628318584071,
        0.9914529914529915,
        0.042563143124415344,
        0.01009028146574615,
        0.0111731843575419
      ],
      "per_class_precision": [
        0.9722222222222222,
        0.2895741556534508,
        0.33955223880597013,
        0.2289156626506024,
        1.0
      ],
      "confusion_matrix": [
        [
          840,
          208,
          30,
          52,
          0
        ],
        [
          17,
          1972,
          0,
          0,
          0
        ],
        [
          6,
          2041,
          91,
          0,
          0
        ],
        [
          1,
          1772,
          91,
          19,
          0
        ],
        [
          0,
          817,
          56,
          12,
          10
        ]
      ],
      "class_names": [
        "3.25",
        "3.5",
        "3.75",
        "4.0",
        "4.25"
      ],
      "mae_class": 1.0836341008089607,
      "mae_bcs": 0.2709085252022402,
      "ordinal_accuracy_1": 0.659738643434972,
      "ordinal_accuracy_025": 0.659738643434972,
      "decoding_method": "max_prob"
    }
  }
}