{
  "acc": 0.9416303671437461,
  "macro_f1": 0.9452663460399531,
  "weighted_f1": 0.9417179995954186,
  "underweight_recall": 0.9309734513274336,
  "per_class_recall": [
    0.9309734513274336,
    0.9406737053795877,
    0.9340505144995322,
    0.9532660647902284,
    0.9508379888268157
  ],
  "per_class_precision": [
    0.9749768303985171,
    0.9340988517224164,
    0.9211254612546126,
    0.9383167799268165,
    0.9759174311926605
  ],
  "confusion_matrix": [
    [
      1052,
      59,
      16,
      2,
      1
    ],
    [
      18,
      1871,
      85,
      15,
      0
    ],
    [
      8,
      63,
      1997,
      67,
      3
    ],
    [
      1,
      10,
      60,
      1795,
      17
    ],
    [
      0,
      0,
      10,
      34,
      851
    ]
  ],
  "class_names": [
    "3.25",
    "3.5",
    "3.75",
    "4.0",
    "4.25"
  ],
  "mae_class": 0.0672059738643435,
  "mae_bcs": 0.016801493466085875,
  "ordinal_accuracy_1": 0.9917859365276913,
  "ordinal_accuracy_025": 0.9917859365276913
}