{
  "accuracy": 0.5042937149968886,
  "macro_f1": 0.5099601205010543,
  "underweight_recall": 0.4982300884955752,
  "per_class_recall": {
    "0": 0.4982300884955752,
    "1": 0.5304172951231775,
    "2": 0.48409728718428435,
    "3": 0.5055762081784386,
    "4": 0.4994413407821229
  },
  "classification_report": {
    "0": {
      "precision": 0.5557749259624877,
      "recall": 0.4982300884955752,
      "f1-score": 0.5254316378908073,
      "support": 1130.0
    },
    "1": {
      "precision": 0.5131322957198443,
      "recall": 0.5304172951231775,
      "f1-score": 0.5216316440049443,
      "support": 1989.0
    },
    "2": {
      "precision": 0.4651685393258427,
      "recall": 0.48409728718428435,
      "f1-score": 0.4744441897776759,
      "support": 2138.0
    },
    "3": {
      "precision": 0.4864588656106285,
      "recall": 0.5055762081784386,
      "f1-score": 0.49583333333333335,
      "support": 1883.0
    },
    "4": {
      "precision": 0.5701530612244898,
      "recall": 0.4994413407821229,
      "f1-score": 0.532459797498511,
      "support": 895.0
    },
    "accuracy": 0.5042937149968886,
    "macro avg": {
      "precision": 0.5181375375686585,
      "recall": 0.5035524439527197,
      "f1-score": 0.5099601205010543,
      "support": 8035.0
    },
    "weighted avg": {
      "precision": 0.5064673520029578,
      "recall": 0.5042937149968886,
      "f1-score": 0.5047704360815123,
      "support": 8035.0
    }
  },
  "confusion_matrix": [
    [
      563,
      270,
      183,
      88,
      26
    ],
    [
      237,
      1055,
      432,
      227,
      38
    ],
    [
      131,
      450,
      1035,
      431,
      91
    ],
    [
      72,
      238,
      439,
      952,
      182
    ],
    [
      10,
      43,
      136,
      259,
      447
    ]
  ]
}