{
  "classification": {
    "name": "Classification",
    "acc": 0.9625388923459863,
    "macro_f1": 0.9636811011571828,
    "weighted_f1": 0.9625538190683078,
    "underweight_recall": 0.9451327433628318,
    "per_class_recall": [
      0.9451327433628318,
      0.9743589743589743,
      0.961178671655753,
      0.960169941582581,
      0.9664804469273743
    ],
    "per_class_precision": [
      0.9709090909090909,
      0.9551503203548546,
      0.9491916859122402,
      0.9709989258861439,
      0.9840728100113766
    ],
    "confusion_matrix": [
      [
        1068,
        38,
        20,
        3,
        1
      ],
      [
        15,
        1938,
        31,
        5,
        0
      ],
      [
        14,
        38,
        2055,
        28,
        3
      ],
      [
        2,
        14,
        49,
        1808,
        10
      ],
      [
        1,
        1,
        10,
        18,
        865
      ]
    ],
    "mae_class": 0.04791537025513379,
    "mae_bcs": 0.011978842563783447,
    "ordinal_accuracy_1": 0.9907902924704418,
    "ordinal_accuracy_025": 0.9907902924704418
  },
  "ordinal": {
    "name": "Ordinal",
    "acc": 0.9416303671437461,
    "macro_f1": 0.9452663460399531,
    "weighted_f1": 0.9417179995954186,
    "underweight_recall": 0.9309734513274336,
    "per_class_recall": [
      0.9309734513274336,
      0.9406737053795877,
      0.9340505144995322,
      0.9532660647902284,
      0.9508379888268157
    ],
    "per_class_precision": [
      0.9749768303985171,
      0.9340988517224164,
      0.9211254612546126,
      0.9383167799268165,
      0.9759174311926605
    ],
    "confusion_matrix": [
      [
        1052,
        59,
        16,
        2,
        1
      ],
      [
        18,
        1871,
        85,
        15,
        0
      ],
      [
        8,
        63,
        1997,
        67,
        3
      ],
      [
        1,
        10,
        60,
        1795,
        17
      ],
      [
        0,
        0,
        10,
        34,
        851
      ]
    ],
    "mae_class": 0.0672059738643435,
    "mae_bcs": 0.016801493466085875,
    "ordinal_accuracy_1": 0.9917859365276913,
    "ordinal_accuracy_025": 0.9917859365276913
  },
  "ensemble": {
    "name": "Ensemble",
    "acc": 0.9609209707529558,
    "macro_f1": 0.9622151519515022,
    "weighted_f1": 0.9609381286271539,
    "underweight_recall": 0.9407079646017699,
    "per_class_recall": [
      0.9407079646017699,
      0.9703368526897939,
      0.960243217960711,
      0.9612320764737121,
      0.9664804469273743
    ],
    "per_class_precision": [
      0.9743354720439963,
      0.9540286702916461,
      0.9465191332411249,
      0.9673971138428648,
      0.981838819523269
    ],
    "confusion_matrix": [
      [
        1063,
        40,
        24,
        2,
        1
      ],
      [
        14,
        1930,
        32,
        13,
        0
      ],
      [
        14,
        39,
        2053,
        28,
        4
      ],
      [
        0,
        13,
        49,
        1810,
        11
      ],
      [
        0,
        1,
        11,
        18,
        865
      ]
    ],
    "mae_class": 0.050031113876789046,
    "mae_bcs": 0.012507778469197262,
    "ordinal_accuracy_1": 0.9896701929060361,
    "ordinal_accuracy_025": 0.9896701929060361
  },
  "agreement_stats": {
    "total_samples": 8035,
    "same_predictions": 7509,
    "same_predictions_pct": 0.9345364032358432,
    "differ_by_1": 448,
    "differ_by_1_pct": 0.05575606720597386,
    "differ_by_more_than_1": 78,
    "differ_by_more_than_1_pct": 0.009707529558182949
  },
  "class_names": [
    "3.25",
    "3.5",
    "3.75",
    "4.0",
    "4.25"
  ]
}