{
  "acc": 0.9598008711885501,
  "macro_f1": 0.9611072273815902,
  "weighted_f1": 0.9598114935321022,
  "underweight_recall": 0.9407079646017699,
  "per_class_recall": [
    0.9407079646017699,
    0.9627953745600805,
    0.9569691300280636,
    0.969198088157196,
    0.964245810055866
  ],
  "per_class_precision": [
    0.9752293577981651,
    0.9513164431197219,
    0.9498607242339833,
    0.9620453347390617,
    0.9795686719636776
  ],
  "confusion_matrix": [
    [
      1063,
      47,
      19,
      1,
      0
    ],
    [
      16,
      1915,
      41,
      12,
      5
    ],
    [
      11,
      34,
      2046,
      44,
      3
    ],
    [
      0,
      13,
      35,
      1825,
      10
    ],
    [
      0,
      4,
      13,
      15,
      863
    ]
  ],
  "class_names": [
    "3.25",
    "3.5",
    "3.75",
    "4.0",
    "4.25"
  ]
}