{
  "acc": 0.9539514623522091,
  "macro_f1": 0.9551959167229166,
  "weighted_f1": 0.9539789217779349,
  "underweight_recall": 0.9548672566371681,
  "per_class_recall": [
    0.9548672566371681,
    0.947209653092006,
    0.9546304957904583,
    0.9612320764737121,
    0.9508379888268157
  ],
  "per_class_precision": [
    0.9481546572934973,
    0.9592668024439919,
    0.9422899353647276,
    0.9526315789473684,
    0.9815455594002307
  ],
  "confusion_matrix": [
    [
      1079,
      36,
      11,
      4,
      0
    ],
    [
      30,
      1884,
      51,
      24,
      0
    ],
    [
      20,
      30,
      2041,
      41,
      6
    ],
    [
      6,
      9,
      48,
      1810,
      10
    ],
    [
      3,
      5,
      15,
      21,
      851
    ]
  ],
  "class_names": [
    "3.25",
    "3.5",
    "3.75",
    "4.0",
    "4.25"
  ]
}