{
  "acc": 0.9449906658369633,
  "macro_f1": 0.9470021518574189,
  "weighted_f1": 0.9450061535374327,
  "underweight_recall": 0.9371681415929204,
  "per_class_recall": [
    0.9371681415929204,
    0.9467068878833584,
    0.9340505144995322,
    0.9553903345724907,
    0.9553072625698324
  ],
  "per_class_precision": [
    0.9514824797843666,
    0.9363500745897564,
    0.9327417094815507,
    0.9538706256627784,
    0.9671945701357466
  ],
  "confusion_matrix": [
    [
      1059,
      42,
      25,
      3,
      1
    ],
    [
      27,
      1883,
      56,
      17,
      6
    ],
    [
      19,
      65,
      1997,
      44,
      13
    ],
    [
      6,
      17,
      52,
      1799,
      9
    ],
    [
      2,
      4,
      11,
      23,
      855
    ]
  ],
  "class_names": [
    "3.25",
    "3.5",
    "3.75",
    "4.0",
    "4.25"
  ]
}