{
  "acc": 0.7217174859987554,
  "macro_f1": 0.7279634330726426,
  "weighted_f1": 0.7219146886275687,
  "underweight_recall": 0.7300884955752213,
  "per_class_recall": [
    0.7300884955752213,
    0.7194570135746606,
    0.6978484565014031,
    0.7381837493361657,
    0.7385474860335196
  ],
  "per_class_precision": [
    0.7307351638618246,
    0.7249240121580547,
    0.6904211013419713,
    0.7164948453608248,
    0.7954271961492179
  ],
  "confusion_matrix": [
    [
      825,
      158,
      94,
      40,
      13
    ],
    [
      129,
      1431,
      262,
      136,
      31
    ],
    [
      107,
      232,
      1492,
      251,
      56
    ],
    [
      52,
      128,
      243,
      1390,
      70
    ],
    [
      16,
      25,
      70,
      123,
      661
    ]
  ],
  "class_names": [
    "3.25",
    "3.5",
    "3.75",
    "4.0",
    "4.25"
  ]
}