{
  "acc": 0.9644057249533292,
  "macro_f1": 0.9649738083823172,
  "weighted_f1": 0.9644088082375266,
  "underweight_recall": 0.952212389380531,
  "per_class_recall": [
    0.952212389380531,
    0.9693313222724987,
    0.960243217960711,
    0.9734466277217206,
    0.9597765363128492
  ],
  "per_class_precision": [
    0.9667565139263252,
    0.9582504970178927,
    0.9588977113498365,
    0.9662625197680548,
    0.9850917431192661
  ],
  "confusion_matrix": [
    [
      1076,
      36,
      15,
      3,
      0
    ],
    [
      21,
      1928,
      29,
      10,
      1
    ],
    [
      15,
      34,
      2053,
      33,
      3
    ],
    [
      1,
      8,
      32,
      1833,
      9
    ],
    [
      0,
      6,
      12,
      18,
      859
    ]
  ],
  "class_names": [
    "3.25",
    "3.5",
    "3.75",
    "4.0",
    "4.25"
  ]
}