{
  "model1": {
    "name": "Model1",
    "acc": 0.9625388923459863,
    "macro_f1": 0.9636811011571828,
    "weighted_f1": 0.9625538190683078,
    "underweight_recall": 0.9451327433628318,
    "per_class_recall": [
      0.9451327433628318,
      0.9743589743589743,
      0.961178671655753,
      0.960169941582581,
      0.9664804469273743
    ],
    "per_class_precision": [
      0.9709090909090909,
      0.9551503203548546,
      0.9491916859122402,
      0.9709989258861439,
      0.9840728100113766
    ],
    "confusion_matrix": [
      [
        1068,
        38,
        20,
        3,
        1
      ],
      [
        15,
        1938,
        31,
        5,
        0
      ],
      [
        14,
        38,
        2055,
        28,
        3
      ],
      [
        2,
        14,
        49,
        1808,
        10
      ],
      [
        1,
        1,
        10,
        18,
        865
      ]
    ],
    "mae_class": 0.04791537025513379,
    "mae_bcs": 0.011978842563783447,
    "ordinal_accuracy_1": 0.9907902924704418,
    "ordinal_accuracy_025": 0.9907902924704418
  },
  "model2": {
    "name": "Model2",
    "acc": 0.8114499066583696,
    "macro_f1": 0.8160540843895834,
    "weighted_f1": 0.8122155267147543,
    "underweight_recall": 0.904424778761062,
    "per_class_recall": [
      0.904424778761062,
      0.8381096028154852,
      0.7067352666043031,
      0.8327137546468402,
      0.8402234636871508
    ],
    "per_class_precision": [
      0.6697247706422018,
      0.776794035414725,
      0.8805361305361306,
      0.8615384615384616,
      0.909310761789601
    ],
    "confusion_matrix": [
      [
        1022,
        80,
        17,
        10,
        1
      ],
      [
        211,
        1667,
        57,
        48,
        6
      ],
      [
        207,
        270,
        1511,
        129,
        21
      ],
      [
        61,
        111,
        96,
        1568,
        47
      ],
      [
        25,
        18,
        35,
        65,
        752
      ]
    ],
    "mae_class": 0.2765401369010579,
    "mae_bcs": 0.06913503422526447,
    "ordinal_accuracy_1": 0.9303049159925326,
    "ordinal_accuracy_025": 0.9303049159925326
  },
  "ensemble": {
    "name": "Ensemble",
    "acc": 0.9032980709396391,
    "macro_f1": 0.9013465507280948,
    "weighted_f1": 0.9040459569092274,
    "underweight_recall": 0.9371681415929204,
    "per_class_recall": [
      0.9371681415929204,
      0.951734539969834,
      0.8652946679139383,
      0.8810408921933085,
      0.8905027932960894
    ],
    "per_class_precision": [
      0.7746891002194587,
      0.9018580276322058,
      0.9352881698685541,
      0.9442231075697212,
      0.9556354916067147
    ],
    "confusion_matrix": [
      [
        1059,
        38,
        21,
        11,
        1
      ],
      [
        22,
        1893,
        23,
        45,
        6
      ],
      [
        203,
        40,
        1850,
        25,
        20
      ],
      [
        58,
        111,
        45,
        1659,
        10
      ],
      [
        25,
        17,
        39,
        17,
        797
      ]
    ],
    "mae_class": 0.18394523957685127,
    "mae_bcs": 0.04598630989421282,
    "ordinal_accuracy_1": 0.9306782825140012,
    "ordinal_accuracy_025": 0.9306782825140012
  },
  "agreement_stats": {
    "total_samples": 8035,
    "same_predictions": 6487,
    "same_predictions_pct": 0.8073428749222153,
    "differ_by_1": 980,
    "differ_by_1_pct": 0.12196639701306783,
    "differ_by_more_than_1": 568,
    "differ_by_more_than_1_pct": 0.07069072806471687
  },
  "class_names": [
    "3.25",
    "3.5",
    "3.75",
    "4.0",
    "4.25"
  ]
}