{
  "acc": 0.9362787803360298,
  "macro_f1": 0.9385194591748958,
  "weighted_f1": 0.9363685312348283,
  "underweight_recall": 0.9194690265486726,
  "per_class_recall": [
    0.9194690265486726,
    0.9492207139265962,
    0.9424695977549111,
    0.9245884227296867,
    0.9385474860335196
  ],
  "per_class_precision": [
    0.9549632352941176,
    0.9205265724037055,
    0.9130040779338469,
    0.9550191991223258,
    0.9699769053117783
  ],
  "confusion_matrix": [
    [
      1039,
      62,
      23,
      4,
      2
    ],
    [
      28,
      1888,
      53,
      17,
      3
    ],
    [
      19,
      63,
      2015,
      38,
      3
    ],
    [
      2,
      28,
      94,
      1741,
      18
    ],
    [
      0,
      10,
      22,
      23,
      840
    ]
  ],
  "class_names": [
    "3.25",
    "3.5",
    "3.75",
    "4.0",
    "4.25"
  ]
}