{
  "acc": 0.6983198506533914,
  "macro_f1": 0.7036327331588994,
  "weighted_f1": 0.6962042740693717,
  "underweight_recall": 0.6716814159292035,
  "per_class_recall": [
    0.6716814159292035,
    0.7868275515334339,
    0.5556594948550047,
    0.776420605416888,
    0.711731843575419
  ],
  "per_class_precision": [
    0.7034291010194624,
    0.6374745417515275,
    0.7684346701164295,
    0.6715663757464401,
    0.8187660668380463
  ],
  "confusion_matrix": [
    [
      759,
      239,
      69,
      55,
      8
    ],
    [
      130,
      1565,
      133,
      148,
      13
    ],
    [
      135,
      418,
      1188,
      357,
      40
    ],
    [
      40,
      187,
      114,
      1462,
      80
    ],
    [
      15,
      46,
      42,
      155,
      637
    ]
  ],
  "class_names": [
    "3.25",
    "3.5",
    "3.75",
    "4.0",
    "4.25"
  ]
}